light orange, 1, dark maroon, 3, dim maroon, 5, striped green, 2, pale aqua
wavy bronze, 3, pale black, 5, bright turquoise, 4, pale orange
dark coral, 3, bright lavender, 1, pale bronze, 2, dull blue
dim chartreuse, 2, wavy plum, 4, wavy teal, 1, dark crimson
striped indigo, 4, posh aqua
shiny lavender, 4, bright yellow, 4, muted salmon, 1, dull chartreuse, 2, dark chartreuse
clear gold, 3, dotted orange
dull maroon, 3, posh green, 1, shiny gold, 5, light salmon, 1, posh teal
light plum, 1, striped plum, 4, striped cyan, 1, light turquoise
posh magenta, 4, drab black, 3, shiny violet
posh beige, 4, dotted maroon, 4, dull fuchsia, 5, clear teal, 2, dull beige
mirrored gray, 3, shiny tomato
dark magenta, 1, dim brown, 3, faded gray, 1, dim teal
plaid teal, 5, mirrored indigo
shiny bronze, 3, clear orange, 2, vibrant coral, 1, pale olive
muted aqua, 2, dim maroon, 4, dotted beige, 1, pale turquoise
dark olive, 2, dotted tomato, 1, drab coral
clear lime, 4, striped crimson, 5, mirrored fuchsia, 2, striped chartreuse, 4, wavy aqua
posh bronze, 1, dotted green
shiny cyan, 5, dim maroon, 2, light orange
vibrant silver, 1, drab coral, 2, dull olive, 3, clear brown, 3, bright violet
mirrored red, 1, dim beige, 5, vibrant salmon, 5, muted bronze
striped bronze, 3, clear cyan, 4, wavy purple, 1, pale orange
pale gold, 5, light cyan, 2, dim gray
striped purple, 3, clear gray, 3, plaid tan
dotted orange, 3, dark maroon, 1, light orange, 3, light lime
clear gray, 3, plaid aqua
dull red, 1, mirrored blue, 5, bright lavender, 1, wavy aqua
dotted tomato, 5, pale black, 2, clear beige, 4, drab yellow, 4, dark crimson
wavy maroon, 1, faded cyan, 3, dim brown, 2, striped magenta
plaid turquoise, 4, dark maroon, 4, plaid fuchsia, 5, muted cyan
clear tomato, 1, pale bronze, 1, plaid indigo
pale magenta, 4, striped black, 3, shiny orange, 1, vibrant teal, 5, plaid olive
dull purple, 2, pale silver
bright fuchsia
striped beige, 1, dotted aqua, 1, wavy teal
dim tomato, 2, dim gray, 1, faded bronze
dotted coral, 3, faded gold, 3, drab tomato, 1, dark crimson, 1, wavy purple
vibrant bronze, 2, dim fuchsia
dark white, 4, dotted tan
bright teal, 3, posh tan, 4, dark bronze, 3, striped white, 1, dotted silver
striped silver, 3, vibrant salmon
plaid crimson, 2, striped beige
striped white, 5, posh tan, 3, dull aqua, 5, pale black, 1, plaid gray
striped green, 3, dim maroon, 4, light lime, 1, dark crimson
vibrant violet, 3, plaid cyan
muted silver, 2, dim coral
posh gray, 1, clear tan, 1, light crimson
muted beige, 4, drab tomato, 2, dull aqua, 3, pale tomato, 3, drab coral
faded salmon, 4, striped lime, 4, posh cyan, 2, wavy orange, 3, dull lime
posh lavender, 4, faded coral, 2, mirrored cyan, 3, drab cyan
shiny tan, 3, dotted orange, 4, dim brown, 4, dull silver, 2, plaid orange
vibrant gray, 1, clear yellow, 1, mirrored indigo
bright crimson, 2, drab orange, 1, drab lavender, 3, dull black
muted black, 2, dark chartreuse
vibrant orange, 1, dull salmon
posh tomato, 1, dull coral, 4, drab salmon
light brown
shiny green, 1, light crimson, 3, shiny purple, 5, bright turquoise, 3, light brown
posh blue, 2, mirrored lavender, 3, posh turquoise
dull lavender, 1, pale black
faded magenta, 3, dull beige, 3, light plum, 5, mirrored turquoise
plaid tan, 5, shiny purple
plaid green, 3, shiny brown, 3, clear brown, 3, posh brown
pale red, 2, dim violet, 1, clear tan, 1, shiny aqua, 3, muted cyan
dull olive, 2, bright fuchsia, 2, faded cyan, 2, striped crimson
dotted gray, 2, bright fuchsia, 2, drab tomato, 4, shiny violet
dotted plum, 1, muted magenta, 4, dark yellow, 5, clear aqua
dim coral, 1, shiny gold
light white, 1, shiny aqua
dim yellow, 1, dotted teal, 2, striped orange
striped lavender, 2, faded silver, 2, dim lime
light turquoise, 5, bright brown, 2, clear brown, 1, drab yellow
shiny yellow, 5, drab red
plaid maroon, 4, wavy orange
clear beige, 4, wavy teal, 5, wavy purple
dull fuchsia, 1, wavy lime, 3, faded turquoise, 2, dotted blue, 3, dull lavender
pale black, 1, dim maroon
vibrant blue, 2, bright brown, 2, dotted aqua
vibrant tan, 4, clear tan
clear silver, 1, drab lavender, 5, dotted green, 4, muted lavender
mirrored plum, 4, dim yellow, 1, wavy lime
pale crimson, 5, shiny gold, 2, striped chartreuse, 5, bright brown
faded chartreuse, 2, drab teal
plaid plum, 5, light turquoise, 1, muted indigo
vibrant indigo, 3, striped tan, 3, striped crimson, 5, clear olive
dotted turquoise, 5, pale brown
muted brown, 1, light chartreuse
mirrored black, 3, striped black, 3, dotted beige
faded silver, 5, dull violet, 5, bright salmon
dotted blue, 4, light beige
faded maroon, 3, wavy tan
pale purple, 3, drab yellow, 3, shiny orange, 3, striped orange, 4, striped chartreuse
muted white, 1, posh chartreuse, 1, dim silver, 4, posh bronze, 1, striped black
wavy violet, 4, posh yellow, 3, wavy gray
wavy silver, 2, plaid gray, 3, muted bronze, 2, pale magenta
dull blue, 4, pale silver, 3, mirrored white
mirrored gold, 5, striped bronze, 1, dotted orange, 5, clear black
dark silver, 2, plaid aqua, 3, dim purple, 2, shiny maroon
striped olive, 2, vibrant coral, 2, clear beige, 5, wavy chartreuse
bright cyan, 4, faded orange, 2, dim maroon, 3, pale chartreuse, 1, wavy plum
pale salmon, 5, faded maroon
plaid orange, 4, plaid cyan
plaid salmon, 2, clear gray, 4, drab tan, 2, clear beige
muted turquoise, 4, mirrored teal, 5, wavy bronze
dim black, 1, drab violet, 5, pale bronze, 2, dark tomato, 1, dull turquoise
wavy lime, 1, dim lime, 1, wavy cyan, 5, mirrored lavender
wavy blue, 2, dark maroon
wavy turquoise, 5, light black, 2, plaid green, 3, clear gray
dotted teal, 4, plaid indigo, 2, bright fuchsia, 2, pale lavender
shiny tomato, 4, clear beige
faded cyan
bright yellow, 1, shiny tan, 5, light black, 3, clear olive, 5, drab turquoise
light salmon, 1, pale black, 1, wavy cyan, 5, pale tomato
drab cyan, 4, drab aqua, 4, mirrored cyan
vibrant plum, 5, striped blue, 3, drab lime, 3, dull turquoise, 1, dotted red
faded lime, 5, shiny teal, 3, posh purple, 4, dim aqua, 4, plaid white
dull gray, 5, wavy fuchsia, 3, dark yellow, 4, striped tan, 2, dark olive
vibrant lime, 1, vibrant violet
vibrant chartreuse, 3, mirrored aqua, 2, vibrant white, 2, dotted orange, 2, faded beige
dim fuchsia, 1, clear brown, 3, clear magenta, 3, muted beige
plaid fuchsia, 2, plaid blue, 2, dark violet
pale lime, 5, wavy purple
wavy aqua, 1, dotted red, 1, plaid tan, 5, light purple, 3, shiny green
shiny silver, 4, wavy purple, 3, dark violet, 4, drab yellow, 5, faded cyan
muted lavender, 1, dim gold, 1, clear yellow
striped red, 1, striped maroon, 3, dim silver, 2, dim lavender
faded bronze, 2, dark olive, 3, mirrored lavender, 5, light tan, 2, faded cyan
mirrored indigo, 4, posh olive
dotted salmon, 1, plaid silver
dotted purple, 2, shiny violet, 4, plaid olive
posh fuchsia, 5, mirrored indigo
shiny indigo, 3, dim turquoise, 2, dark maroon, 3, vibrant tomato
drab green, 1, dull salmon, 4, wavy chartreuse
dark tomato, 2, faded orange, 5, wavy indigo, 2, dotted red
bright black, 4, bright salmon
posh yellow, 5, pale chartreuse, 2, clear cyan, 3, muted bronze, 3, light tan
light crimson, 4, dark violet, 4, striped crimson, 5, clear tan
muted indigo, 5, pale black, 4, dark violet, 4, light purple, 1, dotted gray
dark green, 4, posh brown
pale chartreuse, 5, bright turquoise, 5, light purple, 4, clear tan
clear red, 2, vibrant aqua, 1, clear brown
faded purple, 5, dim gray
dark gray, 4, shiny maroon
drab aqua, 4, dull aqua, 5, striped tan, 4, mirrored indigo
muted coral, 3, plaid fuchsia, 5, drab coral, 1, dull aqua, 3, light tan
dim red, 5, shiny purple, 3, posh olive, 5, clear turquoise
muted gray, 2, clear lavender
mirrored purple, 3, faded salmon
wavy cyan, 2, plaid aqua, 5, dotted tomato, 2, bright fuchsia, 3, clear tan
faded coral, 4, wavy tan
posh chartreuse, 1, dark green
light blue, 5, dotted orange, 2, striped orange, 3, faded bronze, 4, dim maroon
mirrored lime, 5, drab lime, 3, drab aqua
plaid purple, 5, dull orange, 4, faded aqua, 4, vibrant white, 2, muted cyan
wavy green, 1, clear yellow, 3, striped crimson
plaid gray, 5, pale chartreuse, 1, dull plum, 1, dark chartreuse, 4, clear lime
drab salmon, 3, vibrant tomato
dull gold, 3, dim green, 3, dim red
dim turquoise, 2, light olive, 1, dark salmon, 3, drab yellow
bright turquoise, 1, wavy blue
dotted yellow, 1, mirrored turquoise, 1, clear coral, 3, wavy magenta, 1, plaid chartreuse
drab yellow, 3, dark maroon, 4, clear brown, 2, pale black, 3, light brown
dark blue, 2, pale purple, 5, wavy turquoise
pale orange, 2, light lime, 5, dotted aqua, 4, pale black, 2, clear beige
posh indigo, 3, clear crimson
dotted lavender, 5, pale cyan, 5, plaid olive, 5, dull purple, 5, light tomato
mirrored magenta, 5, dim lime, 1, mirrored gold, 4, dotted gray
clear green, 3, muted bronze, 5, pale coral, 2, light tan
muted purple, 4, pale olive
dark black, 5, dull lavender
dim tan, 4, muted bronze, 5, drab fuchsia, 1, shiny violet
dim brown, 5, bright violet, 2, wavy orange
plaid red, 1, clear tan, 1, dark olive, 5, vibrant blue, 3, shiny gray
bright red, 2, mirrored bronze, 3, vibrant crimson, 3, light salmon
bright white, 4, vibrant magenta, 3, clear cyan, 5, drab red
striped teal, 5, posh silver, 2, clear green, 1, clear teal, 2, pale cyan
pale tan, 1, dark silver
light olive, 2, dotted aqua
striped tomato, 2, clear white, 2, bright lavender, 5, vibrant silver
light lavender, 5, plaid gray, 1, dull cyan
clear salmon, 3, striped green, 4, clear brown
muted fuchsia, 3, drab olive
dark lavender, 5, drab gray
light indigo, 2, wavy chartreuse, 5, wavy teal, 3, shiny violet, 1, light lime
faded gray, 4, light orange, 4, posh white
vibrant olive, 2, bright turquoise, 3, wavy aqua
dark chartreuse, 1, dark maroon, 5, shiny gold
dim salmon, 3, faded crimson
shiny coral, 1, vibrant beige, 3, striped tan
dim green, 2, dull brown, 4, light aqua
posh black, 1, light indigo, 3, wavy yellow
light beige, 1, drab beige, 3, shiny cyan
dark fuchsia, 3, bright aqua, 1, pale lavender
bright tan, 3, drab magenta, 1, vibrant lime
plaid yellow, 5, dull turquoise, 2, light brown, 5, faded bronze
plaid black, 5, muted magenta
wavy magenta, 3, striped chartreuse
plaid olive, 2, clear tan
dull crimson, 4, plaid brown, 1, bright silver, 3, vibrant silver
vibrant white, 3, vibrant plum, 2, drab fuchsia, 5, dotted tan, 4, striped black
pale tomato, 3, wavy tan
dull indigo, 3, dim teal, 3, drab coral, 5, striped orange, 1, dull violet
faded teal, 4, dotted orange, 3, plaid blue, 1, mirrored blue, 4, vibrant blue
dark bronze, 5, dull aqua, 5, pale tan
plaid bronze, 3, light maroon, 4, dim brown, 3, plaid blue
dotted aqua, 4, dim maroon, 2, wavy tan
shiny salmon, 4, light fuchsia, 1, clear orange
faded crimson, 4, pale tan, 5, drab olive, 5, shiny cyan, 2, muted crimson
dotted bronze, 4, muted crimson, 2, posh silver, 5, faded cyan, 2, muted teal
vibrant salmon, 2, plaid indigo, 4, light tomato, 3, pale aqua, 1, dotted brown
shiny violet, 1, dull aqua, 1, light brown
bright chartreuse, 3, light tomato, 3, dotted teal, 1, dim brown, 5, muted chartreuse
plaid indigo, 5, posh blue, 5, posh brown
mirrored aqua, 4, muted lavender
posh salmon, 1, mirrored black, 5, dim violet
plaid white, 1, light blue, 1, striped black
faded white, 5, mirrored blue, 5, vibrant gold, 2, striped lime
shiny chartreuse, 2, faded yellow, 2, shiny green, 2, mirrored cyan, 5, dim coral
dim orange, 2, light maroon, 5, bright brown, 5, dark maroon
mirrored tan, 4, clear olive, 4, light orange, 2, shiny gray, 4, light brown
striped tan, 2, drab red
pale silver, 4, bright brown, 5, dull silver, 4, muted yellow
pale turquoise, 5, muted black, 2, bright beige
pale maroon, 4, striped white, 3, vibrant teal, 1, shiny magenta, 3, plaid crimson
drab gray, 4, posh maroon, 3, dotted aqua
dotted fuchsia, 1, striped orange, 2, striped turquoise, 2, plaid fuchsia, 4, mirrored lavender
drab indigo, 2, striped green, 4, posh silver, 5, wavy aqua, 1, posh turquoise
dotted cyan, 3, muted olive, 2, faded olive
dull silver, 5, drab lavender, 3, shiny silver, 2, pale black, 4, striped chartreuse
drab lime, 2, muted green, 4, dotted gray, 4, dotted coral, 2, mirrored lavender
dotted magenta, 5, muted magenta, 5, muted salmon, 3, wavy gray
bright plum, 4, striped beige, 3, dark tomato, 3, plaid lime
dotted indigo, 2, dotted silver
pale plum, 4, plaid gold, 2, posh maroon, 4, drab aqua, 2, striped lime
clear olive, 2, bright turquoise, 1, wavy tan
pale fuchsia, 5, dim tan, 5, dark blue
drab tomato
shiny lime, 4, vibrant magenta, 1, dim teal
clear cyan, 5, dull silver
posh brown, 1, drab lavender
wavy plum, 1, dim teal, 4, faded gold, 1, plaid fuchsia
striped brown, 2, posh tan, 5, plaid chartreuse, 5, dull beige, 3, posh green
plaid lime, 4, light olive
striped magenta, 2, shiny maroon, 5, wavy lavender, 1, light turquoise
shiny fuchsia, 5, striped maroon
light black, 3, plaid gray, 4, drab coral
dotted white, 2, drab yellow, 5, dull olive
wavy fuchsia, 4, dull aqua
bright orange, 2, plaid blue, 2, posh blue, 3, light lime, 1, dim fuchsia
shiny orange, 2, drab yellow, 5, dim coral, 3, wavy blue
dark purple, 5, dim brown, 2, clear magenta
wavy purple, 1, dim maroon, 4, plaid cyan
clear fuchsia, 4, pale maroon
dim olive, 5, dim yellow, 1, wavy indigo, 4, dim aqua, 1, shiny gray
bright beige, 1, faded cyan
dim lime, 1, dull silver, 5, dark yellow, 3, dark crimson, 2, mirrored cyan
drab silver, 5, muted beige, 2, drab gold, 3, dotted magenta
dotted chartreuse, 3, dim gray
clear crimson, 3, wavy coral, 1, clear salmon, 1, light orange
dark gold, 2, dark tomato, 1, faded cyan
posh silver, 5, faded bronze, 1, plaid aqua, 1, plaid fuchsia, 5, wavy teal
dark salmon, 1, striped chartreuse, 1, faded cyan, 5, dotted coral
drab lavender, 2, plaid blue, 1, drab tomato, 5, clear brown
light red, 5, dull salmon, 2, shiny coral
dim lavender, 1, wavy beige, 2, wavy violet, 5, shiny green
dim blue, 2, vibrant orange, 3, dull olive
muted red, 5, shiny lime
light gray, 1, bright magenta, 2, wavy teal
vibrant gold, 5, dotted red, 5, light maroon, 1, striped blue
pale white, 3, muted brown
dotted tan, 1, faded salmon, 1, drab olive, 2, dim lime, 2, wavy chartreuse
mirrored salmon, 4, bright turquoise, 3, vibrant coral, 4, dull orange
striped aqua, 2, shiny crimson, 4, plaid beige
dark crimson, 4, bright fuchsia, 2, dark maroon, 5, dim maroon
faded beige, 3, posh white, 4, light turquoise
clear yellow, 1, vibrant lime, 1, dotted tomato, 4, pale black, 1, pale bronze
bright coral, 2, wavy crimson, 3, mirrored olive, 2, light tan, 5, faded cyan
clear maroon, 1, faded yellow, 4, dark chartreuse, 4, bright magenta
shiny magenta, 2, faded red
bright gray, 1, dim violet, 4, faded cyan, 5, light turquoise
dotted red, 1, plaid blue, 4, dark olive, 1, wavy plum
mirrored coral, 3, pale lime, 5, dim chartreuse, 3, vibrant violet
drab maroon, 1, drab lime, 2, drab tan
dark tan, 2, pale turquoise, 3, dotted brown
pale yellow, 5, faded cyan, 4, dotted blue
dim crimson, 2, dark silver, 5, plaid lavender, 5, pale gold
faded lavender, 2, clear aqua
wavy indigo, 2, striped crimson, 1, drab tomato, 1, light salmon
wavy black, 2, shiny gold
plaid violet, 2, pale crimson, 1, mirrored crimson
clear turquoise, 4, striped white
striped orange, 5, clear magenta
pale teal, 1, vibrant olive, 1, pale lime, 2, plaid teal
clear indigo, 2, shiny white, 3, shiny cyan
dull tan, 4, shiny orange, 4, posh coral, 1, dim purple
dotted crimson, 4, clear cyan, 4, posh coral, 1, clear lime
striped plum, 4, pale aqua, 3, clear yellow, 5, dotted orange, 4, clear crimson
dull bronze, 3, striped bronze
dark maroon, 3, wavy purple, 2, plaid cyan, 1, faded cyan
striped gray, 5, plaid gray, 4, vibrant cyan, 5, vibrant brown, 2, dull plum
bright maroon, 1, faded olive
vibrant green, 5, drab gold, 1, shiny chartreuse, 1, dark black
mirrored orange, 2, light brown, 1, drab tomato, 1, muted beige
light magenta, 3, muted maroon, 5, dotted gray, 2, vibrant tomato, 4, muted beige
posh aqua, 1, wavy bronze, 3, clear magenta
pale aqua, 2, faded cyan, 5, wavy teal, 5, plaid aqua
dull teal, 3, clear salmon
dull violet, 4, posh cyan
drab bronze, 3, clear lime, 2, drab maroon, 2, mirrored bronze
light lime, 3, light brown
plaid tomato, 3, dim cyan, 1, striped turquoise
mirrored green, 2, clear beige, 3, plaid teal, 3, pale lime, 2, plaid orange
dark aqua, 3, dark beige, 1, posh gray
posh gold, 5, bright silver
pale gray, 1, vibrant coral, 1, striped beige
dim gray, 3, shiny orange
mirrored yellow, 4, faded gold, 2, muted teal
dull coral, 4, light maroon, 5, bright brown, 2, faded orange, 1, light fuchsia
mirrored white, 1, vibrant silver, 3, muted coral, 5, muted green, 1, pale aqua
striped gold, 4, dim white
clear orange, 3, vibrant violet, 4, muted fuchsia, 5, plaid orange, 1, faded salmon
drab purple, 5, dotted tomato
muted lime, 4, drab magenta, 1, vibrant coral
dotted green, 4, light tan, 4, wavy bronze, 5, wavy indigo
posh olive, 3, light maroon
dull cyan, 3, vibrant tan, 1, muted fuchsia
bright bronze, 3, shiny turquoise, 5, dull turquoise
dull brown, 5, dull indigo, 5, pale salmon, 1, shiny gray
posh cyan, 5, striped green, 5, dull aqua, 1, shiny silver
wavy red, 2, posh white, 2, dark salmon, 4, dark lime, 5, vibrant brown
faded gold, 3, striped green, 4, dull olive, 4, drab yellow, 5, faded cyan
wavy salmon, 1, striped silver
mirrored bronze, 4, dull aqua, 2, clear tan
striped crimson
striped violet, 2, muted brown, 5, bright brown, 4, dotted chartreuse
dim aqua, 5, striped blue, 2, light tan
faded violet, 5, pale plum, 5, posh green
wavy brown, 1, dim coral, 3, muted beige, 1, shiny orange, 1, dim brown
muted green, 5, dim teal, 1, pale tomato
wavy lavender, 2, clear brown, 3, mirrored indigo
drab turquoise, 3, vibrant indigo
clear blue, 2, striped beige, 2, dark maroon, 1, shiny beige
drab fuchsia, 5, striped lime, 5, drab beige, 1, dotted red, 5, clear cyan
bright violet, 2, striped chartreuse, 1, bright fuchsia, 1, wavy teal
muted blue, 4, bright violet
dotted lime, 1, dim silver, 4, striped maroon
dull aqua, 1, drab lavender
clear teal, 5, drab plum, 4, pale brown, 4, faded fuchsia
dim gold, 3, bright violet, 3, dim fuchsia
pale indigo, 4, dim lime, 4, dim red
plaid aqua, 5, drab tomato, 1, wavy teal, 2, shiny silver, 5, clear brown
bright olive, 1, vibrant brown, 5, dull violet
striped lime, 5, dim beige, 4, wavy chartreuse, 1, shiny orange, 3, bright violet
mirrored silver, 3, faded olive, 5, shiny tomato
light green, 4, mirrored turquoise, 3, bright tan, 5, clear lavender
clear chartreuse, 3, vibrant lime
clear coral, 5, faded turquoise, 3, dim tan, 5, light lime
muted cyan, 3, striped green, 1, wavy green, 3, dull cyan, 5, striped black
faded brown, 5, clear olive, 5, bright turquoise, 4, vibrant violet, 4, dotted violet
faded tomato, 1, posh fuchsia
muted gold, 1, pale cyan, 2, pale tomato, 3, dotted beige
plaid brown, 3, dim fuchsia, 3, dark chartreuse, 4, bright magenta
posh maroon, 5, striped purple, 2, dim gold, 5, dull silver
shiny black, 2, dim silver
posh crimson, 2, posh plum, 5, faded coral, 4, drab salmon
shiny crimson, 1, drab gold, 1, light turquoise, 4, pale gray, 2, pale lime
wavy yellow, 2, mirrored coral, 5, muted fuchsia
bright green, 1, bright brown, 4, muted turquoise, 2, muted gold, 5, clear green
mirrored crimson, 3, drab indigo, 2, wavy blue, 2, striped orange, 4, drab lavender
bright purple, 3, bright black, 2, dull fuchsia, 4, bright plum
shiny purple, 5, striped chartreuse, 2, bright fuchsia, 5, drab lavender, 1, pale black
muted teal, 1, shiny brown, 5, wavy fuchsia
drab violet, 4, bright violet, 1, clear beige, 3, vibrant tomato, 1, light olive
vibrant beige, 2, light brown
wavy teal, 3, striped crimson
wavy gray, 1, vibrant coral
dim magenta, 2, vibrant crimson, 5, dim lavender, 1, mirrored black
dim plum, 3, striped magenta, 4, light teal, 4, dark salmon, 5, drab orange
light tan, 3, clear brown, 4, bright violet
light bronze, 1, shiny gold, 1, striped bronze
faded aqua, 4, vibrant silver
wavy chartreuse, 1, shiny purple
dark plum, 1, dotted gold, 1, mirrored yellow, 4, light indigo
striped black, 1, posh yellow, 5, light salmon, 4, plaid tan
mirrored fuchsia, 2, plaid cyan, 3, mirrored cyan
dull white, 2, clear silver, 5, light red, 2, pale lime
pale brown, 5, shiny tan, 3, drab aqua, 3, dark yellow
mirrored maroon, 4, dark beige, 4, plaid salmon, 3, striped purple
light violet, 3, faded salmon, 3, posh salmon
pale blue, 5, striped silver, 2, shiny violet
plaid beige, 1, dotted green, 1, faded yellow, 5, dull lavender
drab tan, 3, striped magenta, 5, dim beige, 1, bright turquoise, 2, faded gold
pale violet, 4, dull plum, 5, pale red, 1, dotted silver, 4, striped coral
light tomato, 2, wavy chartreuse, 4, bright beige, 5, muted cyan
shiny turquoise, 3, drab fuchsia, 2, dull turquoise, 4, vibrant plum
muted salmon, 5, pale black, 3, muted green, 4, vibrant magenta
dotted maroon, 2, dotted turquoise, 1, dull silver, 5, mirrored yellow, 1, mirrored lavender
dull lime, 3, wavy teal
plaid magenta, 5, posh maroon
vibrant teal, 5, striped purple, 1, wavy chartreuse, 1, shiny chartreuse, 5, clear plum
striped turquoise, 2, clear chartreuse, 5, dim fuchsia, 4, dotted tomato, 1, wavy brown
clear brown
mirrored beige, 2, posh fuchsia
light maroon, 4, plaid blue, 4, drab purple, 5, pale aqua
light silver, 2, posh turquoise, 2, pale tomato, 3, plaid red
bright magenta, 4, shiny violet, 5, shiny silver
muted magenta, 2, light brown, 4, vibrant plum, 3, mirrored black
shiny olive, 2, posh magenta
vibrant lavender, 2, shiny violet, 4, mirrored white, 5, dull lavender, 2, wavy olive
faded turquoise, 2, drab crimson, 5, dim crimson, 5, dark indigo, 5, dotted silver
faded olive, 5, striped tan
dark yellow, 1, dotted coral, 1, plaid fuchsia
dim violet, 3, dotted coral
dark red, 2, posh silver
wavy white, 4, striped tan
mirrored cyan, 2, plaid cyan, 5, wavy chartreuse, 1, striped orange
shiny maroon, 3, dark violet, 4, wavy plum, 1, plaid aqua, 4, light turquoise
vibrant black, 3, plaid yellow, 3, plaid tan, 1, posh cyan
posh plum, 1, vibrant brown, 5, pale violet
bright salmon, 1, posh tan, 4, pale black
shiny red, 1, wavy magenta, 3, clear gray
dark violet
mirrored tomato, 3, wavy fuchsia
drab coral, 3, light brown, 4, striped crimson
striped chartreuse, 4, striped green
drab magenta, 2, faded cyan, 5, bright cyan
drab white, 3, vibrant violet, 1, posh coral
light chartreuse, 5, drab lime, 3, dull salmon, 5, clear plum, 2, dull beige
pale olive, 5, faded silver, 4, dotted aqua, 1, dark purple, 5, drab beige
wavy tomato, 2, dim bronze, 3, posh white, 3, dark salmon
shiny blue, 1, clear bronze
shiny gray, 1, dotted white, 1, mirrored indigo
muted tan, 1, clear maroon, 1, clear blue
posh coral, 2, shiny brown
drab teal, 1, dotted red, 3, pale cyan, 4, muted yellow, 2, dim beige
dull orange, 1, bright silver
vibrant red, 2, light turquoise, 4, dark green, 4, dull plum, 3, striped plum
bright silver, 2, light purple, 5, muted green
vibrant yellow, 1, dotted gold
plaid chartreuse, 5, muted green, 3, dim maroon, 4, drab black, 5, mirrored turquoise
dull salmon, 1, wavy bronze
dim teal, 2, vibrant magenta, 2, dull aqua, 2, dark crimson
striped coral, 4, light salmon
dark teal, 2, clear yellow, 2, mirrored coral, 5, mirrored yellow
dark indigo, 1, clear gray, 5, wavy violet
bright indigo, 5, light maroon, 1, muted magenta, 3, vibrant lime
drab plum, 5, wavy coral, 1, wavy aqua, 5, dim tan
drab beige, 4, wavy teal, 4, dotted orange, 4, dotted coral
dull yellow, 3, wavy tan, 2, plaid green, 3, bright magenta, 1, vibrant beige
muted olive, 2, faded black, 2, bright fuchsia
drab chartreuse, 3, clear bronze, 3, plaid brown, 4, light magenta, 2, clear salmon
clear violet, 5, plaid beige, 3, striped white, 5, light teal, 3, dotted silver
posh lime, 1, faded plum, 4, mirrored white, 4, posh aqua
faded red, 5, bright fuchsia, 4, faded cyan, 4, dark violet
muted maroon, 1, vibrant lime, 3, dim fuchsia, 1, drab lavender, 3, light blue
drab red, 1, pale orange, 3, dim teal, 2, wavy orange, 5, dark salmon
dim silver, 4, dim lime, 5, drab maroon, 2, vibrant coral, 1, vibrant white
light aqua, 5, light fuchsia
light cyan, 3, muted fuchsia
dull black, 2, pale lavender
mirrored turquoise, 4, dull lime, 4, dull silver
pale coral, 2, shiny silver, 1, dull turquoise, 2, shiny purple
dull beige, 2, mirrored teal, 3, dotted white, 5, posh blue
muted yellow, 2, dim maroon
dim white, 2, pale crimson, 4, clear brown, 2, mirrored coral
faded yellow, 2, light turquoise
dim cyan, 4, mirrored yellow, 1, clear blue, 4, striped maroon
posh purple, 2, drab crimson, 5, shiny violet, 5, drab cyan, 5, dark tomato
drab crimson, 5, plaid tan
posh teal, 5, light olive, 5, mirrored teal, 3, bright white, 5, mirrored white
dark orange, 5, mirrored lavender, 2, posh purple, 4, wavy magenta, 5, plaid cyan
dotted beige, 3, bright brown, 1, pale orange, 3, light orange, 2, clear beige
bright gold, 4, pale gray, 5, muted maroon, 3, drab tan, 5, mirrored turquoise
faded fuchsia, 3, shiny red, 5, faded violet
dotted black, 4, muted teal, 5, faded violet, 5, mirrored coral
muted plum, 4, plaid gray
faded orange, 4, wavy bronze, 2, light crimson, 3, mirrored bronze, 5, striped maroon
plaid gold, 5, pale crimson, 4, clear tan, 3, wavy turquoise, 2, dim chartreuse
mirrored violet, 4, dim brown
pale cyan, 3, dotted aqua, 5, dim fuchsia, 1, dim violet, 1, clear yellow
dull magenta, 3, light chartreuse, 4, light aqua, 3, faded indigo, 4, clear blue
light teal, 1, shiny cyan
dark beige, 3, dull tan, 3, shiny aqua, 3, drab black, 1, faded cyan
light yellow, 1, dim beige, 1, wavy cyan, 1, dim coral
bright aqua, 2, drab beige, 3, dotted aqua, 5, drab olive
shiny teal, 5, vibrant tan, 1, posh blue, 5, dotted gray
mirrored blue, 1, dim beige
clear magenta, 4, clear tan, 5, plaid orange, 3, bright violet, 3, light lime
pale green, 2, vibrant white
light fuchsia, 4, wavy plum, 5, dull olive, 5, striped orange
bright lime, 1, dark yellow
dull tomato, 3, wavy blue, 1, drab aqua
faded indigo, 5, posh gold, 4, shiny beige, 4, wavy gray, 5, dim magenta
wavy coral, 4, dark olive, 5, dull silver, 1, clear magenta, 1, light crimson
shiny plum, 4, shiny tan, 3, vibrant white, 1, striped gold
clear aqua, 1, light crimson, 4, bright silver, 2, wavy gold, 3, mirrored indigo
plaid blue
dark lime, 3, dim chartreuse, 5, plaid indigo, 1, dim brown
clear plum, 5, light salmon, 4, drab lavender
plaid cyan
clear white, 2, vibrant tomato
faded tan, 1, dull yellow, 2, shiny indigo
plaid coral, 1, dull bronze, 2, clear tan, 3, clear maroon
pale bronze, 4, wavy cyan, 3, pale aqua, 3, dark maroon, 5, dim fuchsia
posh green, 4, clear plum, 1, pale cyan, 3, striped maroon
dim indigo, 4, vibrant green, 3, dark teal, 2, dim violet, 4, shiny aqua
muted violet, 3, wavy tan
muted tomato, 3, drab yellow, 2, muted green
posh white, 3, striped chartreuse, 4, wavy blue
drab brown, 1, wavy fuchsia, 3, wavy lime
dim purple, 5, wavy gray, 3, shiny cyan
vibrant brown, 4, shiny orange, 2, mirrored bronze, 1, clear salmon, 4, shiny silver
light purple, 2, light brown
mirrored teal, 5, bright brown, 2, drab aqua
dark cyan, 4, wavy lime
clear bronze, 5, clear green, 4, dull black, 5, muted salmon
posh tan, 4, dim orange
vibrant magenta, 2, clear magenta, 5, drab purple, 2, bright fuchsia
bright tomato, 4, pale bronze
faded green, 2, vibrant indigo, 4, plaid indigo, 5, drab red, 5, clear turquoise
wavy olive, 4, mirrored crimson, 4, dotted green, 4, drab lime, 5, posh brown
dark brown, 2, mirrored olive, 2, striped blue
muted orange, 1, dark gray, 3, posh silver, 1, dim lavender
shiny beige, 1, dark silver, 5, dotted violet
mirrored olive, 1, dull violet
shiny aqua, 3, light fuchsia, 3, plaid gray, 4, dull orange
mirrored brown, 4, faded olive, 2, plaid aqua, 2, posh cyan, 4, pale purple
muted bronze, 5, vibrant lime, 5, light crimson, 5, wavy tan
striped maroon, 4, dark salmon, 1, posh white, 4, shiny green, 3, drab lavender
vibrant purple, 2, posh gray, 3, dark chartreuse, 3, wavy bronze, 5, faded purple
dark turquoise, 4, vibrant bronze, 4, pale tomato, 4, vibrant teal
drab orange, 2, shiny teal, 2, light olive, 2, dim coral
shiny gold, 2, mirrored orange, 2, dotted coral, 3, dim fuchsia
wavy orange, 4, clear beige, 4, faded gold
bright brown, 4, shiny green, 1, mirrored bronze, 4, dull silver, 3, drab purple
posh turquoise, 2, mirrored turquoise, 3, dotted tomato, 2, mirrored fuchsia, 5, pale tomato
faded black, 3, light lime
muted chartreuse, 4, shiny green
striped cyan, 5, mirrored olive, 4, dark silver
vibrant turquoise, 3, shiny teal
wavy crimson, 1, posh lime
dull green, 4, dull gray, 5, shiny lime
wavy tan, 4, dull olive, 3, faded cyan, 1, dim maroon, 4, striped crimson
vibrant coral, 5, mirrored lavender
light coral, 5, clear yellow, 1, faded violet, 3, drab yellow
striped blue, 5, striped crimson, 1, drab purple, 2, dotted coral
vibrant fuchsia, 3, striped blue
drab gold, 4, dark chartreuse, 2, clear orange, 5, vibrant magenta, 1, wavy gray
dim beige, 4, drab yellow, 3, clear tan, 2, drab lavender, 1, striped green
mirrored chartreuse, 5, posh gold, 2, posh violet
vibrant maroon, 2, faded brown, 3, light red
dim bronze, 3, pale tomato, 4, shiny green, 4, posh orange
clear purple, 1, wavy purple, 1, plaid aqua, 4, drab cyan
dull chartreuse, 5, drab beige
bright lavender, 3, plaid green, 1, wavy indigo, 4, vibrant brown, 4, mirrored black
muted crimson, 4, dotted gray
shiny brown, 2, pale black, 5, dark olive
posh orange, 2, pale coral
mirrored lavender, 1, drab yellow, 5, mirrored bronze
vibrant aqua, 3, dim brown
pale beige, 5, drab plum, 4, clear tan, 2, light silver
vibrant tomato, 4, faded gold, 4, dim brown, 3, wavy cyan
drab black, 1, shiny tan, 2, wavy orange, 3, wavy plum, 5, posh silver
faded blue, 2, clear chartreuse, 3, bright turquoise, 1, clear lime
clear black, 4, pale magenta, 1, faded orange, 2, plaid salmon, 1, bright yellow
dim maroon
dotted olive, 5, plaid indigo
dotted silver, 4, posh maroon, 1, vibrant brown, 4, mirrored olive
plaid lavender, 4, dull lime, 2, wavy coral, 5, dim silver, 4, dim fuchsia
striped salmon, 3, posh bronze, 1, bright aqua, 1, wavy white
vibrant crimson, 2, vibrant lime, 3, striped black, 2, dull plum
plaid silver, 4, clear crimson, 3, wavy white, 4, pale coral, 1, wavy brown
clear tan, 4, clear brown, 4, dim maroon, 1, wavy purple
striped yellow, 4, posh turquoise, 5, wavy yellow, 1, muted bronze
clear lavender, 1, striped lime, 4, dim chartreuse, 2, dim tan
shiny white, 4, bright brown, 1, dull indigo
drab blue, 2, bright gold, 3, faded beige, 3, dark lime
posh violet, 4, clear brown
light gold, 2, shiny purple, 4, mirrored bronze
dull turquoise, 5, dull silver
vibrant cyan, 1, wavy lavender
dotted violet, 5, vibrant violet, 5, vibrant blue, 1, dim violet, 5, wavy cyan
drab olive, 4, dotted aqua
wavy beige, 3, mirrored lavender, 2, posh white, 3, bright fuchsia
bright blue, 1, drab indigo
wavy gold, 2, shiny orange
striped fuchsia, 1, striped chartreuse
posh red, 4, vibrant tomato, 1, dark maroon
faded plum, 2, drab indigo, 3, bright turquoise
dull plum, 5, vibrant magenta
dotted gold, 4, striped maroon
dotted brown, 1, vibrant brown, 2, vibrant crimson, 2, striped purple, 5, striped olive
pale lavender, 5, wavy fuchsia, 5, wavy lavender
